,Unnamed: 0,Identificador,Nombre,Latitud,Longitud,Distancia_km
0,0,Museo de Arte,Museo Nacional Centro de Arte Reina Sofía (MNCARS),40.40873653580899,-3.6938217695074558,1.7850466816069679
1,1,Museo de Arte,Museo Thyssen-Bornemisza,40.41635928605382,-3.694890813655885,2.1693698983173264
2,2,Museo de Arte,Museo Nacional del Prado,40.413978006085095,-3.6921894550323486,1.8395212733459891
3,3,Museo de Arte,CaixaForum Madrid,40.41101269430034,-3.6931765079498287,1.789509773054816
4,4,Museo de Arte,Espacio Fundación Telefónica,40.42039156250055,-3.701617355170416,2.8901942068057838
5,5,Museo de Arte,Palacio de Gaviria,40.41713929663129,-3.706044272737744,3.0497920533293805
6,6,Museo de Arte,Palacio de Velázquez,40.415139,-3.681975,1.2493909924254902
7,7,Museo de Arte,Palacio de Linares - Casa de América,40.42025376612304,-3.691827247780096,2.2306590589596373
8,8,Museo de Arte,Palacio Real de Madrid,40.417939720108535,-3.7142586708068848,3.7282992158260684
9,9,Museo de Arte,Edificio Nouvel,40.407362,-3.694678,1.8398803100047507
10,10,Museo de Arte,Museo Cerralbo,40.423884219743115,-3.7147057160461534,4.0403814016398005
11,11,Museo de Arte,Real Academia de Bellas Artes de San Fernando,40.417545872054006,-3.700352438856103,2.636069709064153
12,12,Museo de Arte,Museo Sorolla,40.43524755218695,-3.6923740608315794,3.62050197041328
13,13,Museo de Arte,Central de Diseño / DIMAD,40.39201538087328,-3.6968269050224034,2.5623759998520548
14,14,Museo de Arte,Museo Naval de Madrid,40.417720632890976,-3.693210910420808,2.1362046955687464
15,15,Museo de Arte,Fundación Juan March,40.431018056999996,-3.681080347,2.8410031153031685
16,16,Museo de Arte,Sala de Exposiciones Alcalá 31,40.41829484495374,-3.698258430525733,2.5250403955277694
17,17,Museo de Arte,Casa de México en España,40.430086637179365,-3.7095205485820766,4.074499702434053
18,18,Museo de Arte,Fundación Mapfre Bárbara de Braganza,40.42335591605433,-3.691982788793571,2.49267336255517
19,19,Museo de Arte,Museo de Escultura al Aire Libre de La Castellana,40.43323307938413,-3.688734156259141,3.2857996253857196
20,20,Museo de Arte,Museo Nacional de Artes Decorativas,40.41806232403098,-3.6897883706624848,1.9375964637750263
21,21,Museo de Historia,Museo Arqueológico Nacional (MAN),40.423259214976646,-3.688431683863512,2.3014416299504448
22,22,Museo de Historia,Imprenta Municipal,40.41366332123668,-3.7054478005352416,2.869218335037784
23,23,Museo de Historia,Museo Naval de Madrid,40.417720632890976,-3.693210910420808,2.1362046955687464
24,24,Museo de Historia,Templo de Debod,40.4241644119136,-3.716843393279901,4.214110954610694
25,25,Museo de Historia,Museo Sorolla,40.43524755218695,-3.6923740608315794,3.62050197041328
26,26,Museo de Historia,Museo de Historia (Museo Municipal de Madrid),40.425690338290416,-3.7009721143035392,3.2086037497084363
27,27,Museo de Historia,Andén Cero,40.43233402736354,-3.6976789573074513,3.5772227667146947
28,28,Museo de Historia,Museo Lázaro Galdiano,40.436928528858616,-3.686185970297562,3.5924500468894074
29,29,Museo de Historia,Museo Nacional de Artes Decorativas,40.41806232403098,-3.6897883706624848,1.9375964637750263
30,30,Museo de Historia,Museo de San Isidro. Los orígenes de Madrid,40.41222482309222,-3.7107437815896014,3.2646899479363314
31,31,Museo de Historia,Museo del Romanticismo,40.42580188257195,-3.6988496877961534,3.0871122200739105
32,32,Museo de Historia,Museo de América,40.437810739375614,-3.721919113453745,5.430272919531865
33,33,Museo de Historia,Museo de los Caños del Peral,40.418073909563276,-3.709421770077295,3.3535135028734193
34,34,Museo de Historia,Museo Nacional Centro de Arte Reina Sofía (MNCARS),40.40873653580899,-3.6938217695074558,1.7850466816069679
35,35,Museo de Historia,Museo Nacional de Antropología,40.407529256683524,-3.68887598553334,1.352090741080255
36,36,Museo de Historia,Museo de Cera,40.424942007686575,-3.6913515125841214,2.5976236924393934
37,37,Museo de Historia,Muralla İslamica de Madrid,40.414745,-3.714719,3.6571744810187554
38,38,Museo de Historia,Museo de la Biblioteca Nacional de España,40.423297,-3.690469,2.406864850255854
39,39,Museo de Historia,Archivo Regional de la Comunidad de Madrid,40.39957992587171,-3.690020911149679,1.6193742308900136
40,40,Museo de Historia,Fundacion Infante De Orleans Cuatro Vientos,40.36774063103272,-3.7751276412944463,9.650177846075993
41,41,Escultura Exterior,Luminoso tío pepe,40.41677112290821,-3.703343659724496,2.824260876328674
42,42,Escultura Exterior,Monumento a miguel de cervantes,40.415615,-3.6965072,2.2477654444928086
43,43,Escultura Exterior,Casa de papá noel,40.416033826130594,-3.704200914639627,2.8581570449557727
44,44,Escultura Exterior,Ángel estrellado,40.415672302246094,-3.709996461868286,3.303962497579611
45,45,Escultura Exterior,Stormtrooper #facetheforce,40.408771,-3.693228,1.7360333542430866
46,46,Escultura Exterior,Monumento a jacinto benavente,40.415261,-3.687063,1.5583059457749395
47,47,Escultura Exterior,Casco resistance pilot,40.42321186543676,-3.711123903856017,3.7399571993568976
48,48,Escultura Exterior,Captain phasma #facetheforce,40.4224200673436,-3.6882920351659862,2.218338973558019
49,49,Escultura Exterior,Monumento a don blas de lezo y olavarrieta,40.423825640021185,-3.6889310683991035,2.3772904125093177
50,50,Escultura Exterior,Casco captain phasma,40.42535781860352,-3.6910736560821533,2.6210190310008916
51,51,Escultura Exterior,Imperial pilot #facetheforce,40.40098,-3.699629,2.3288709948764406
52,52,Escultura Exterior,Al pueblo del dos de mayo,40.42320302014196,-3.7146576196182592,4.00053133377179
53,53,Escultura Exterior,Darth vader #facetheforce,40.42942,-3.702636,3.5985445554977153
54,54,Escultura Exterior,Puerta de sainz de baranda,40.417069,-3.678573000000001,1.2953465899477847
55,55,Escultura Exterior,Puerta de herrero palacios,40.414833,-3.677783,1.0398195093622458
56,56,Escultura Exterior,Monumento a sor juana inés de la cruz,40.418141166529296,-3.7255923881059054,4.6458067581892895
57,57,Escultura Exterior,La mano de botero,40.441176125291726,-3.6915913167841334,4.193453089488312
58,58,Escultura Exterior,Monumento a bravo murillo,40.43883790334018,-3.7039729726094808,4.475386782988279
59,59,Escultura Exterior,Los portadores de la antorcha,40.443877,-3.726062,6.140647986395518
60,60,Escultura Exterior,Estatua de julian besteiro,40.447541,-3.6807,4.640689411250864
61,61,Escultura Exterior,Monumento  josé martí,40.45004285289405,-3.6897781714128612,5.075617943778253
62,62,Escultura Exterior,Busto de beethoven en el parque de berlin,40.450696105605296,-3.676122223399171,4.952580205736932
63,63,Escultura Exterior,Monumento a vicente aleixandre,40.445936,-3.71436,5.635591134995926
64,64,Escultura Exterior,Monumento a calvo sotelo,40.457461,-3.707055,6.3853340142801525
65,65,Escultura Exterior,Monumento a las victimas del terrorismo,40.458989,-3.677032,5.877568662719483
66,66,Escultura Exterior,Viaje interior,40.461183,-3.602999,8.511963538146201
67,67,Estadio de Fútbol,Estadio Santiago Bernabéu,40.4530621561316,-3.6883378028869616,5.367967575442047
68,68,Estadio de Fútbol,Estadio Wanda Metropolitano,40.436212,-3.5995470000000003,7.055874109789605
69,69,Estadio de Fútbol,Estadio Municipal de Butarque,40.34032938812764,-3.7606072425842285,10.42875017959953
70,70,Estadio de Fútbol,Vip Area Champions League,40.45322704480997,-3.688688333894162,5.392988192658185
71,71,Estadio de Fútbol,IDM Lili Alvarez,40.40602936919274,-3.6298227310180655,3.655950250802054
72,72,Estadio de Fútbol,Estadio Román Valero,40.38845816256328,-3.705230355262756,3.368991328470831
73,73,Estadio de Fútbol,Estadio Antonio Sanfiz,40.458617450160396,-3.7792941703564304,10.71842686022296
74,74,Estadio de Fútbol,Escuela De Fútbol El Horrillo (Polideportivo La Cantera),40.339522652272244,-3.762508437775424,10.606532377392075
75,75,Restaurante Español,Toga,40.41111841899132,-3.70667299456038,2.9026020664633982
76,76,Restaurante Español,El Barril de las Letras,40.41435989216732,-3.696713435336063,2.2023207034724326
77,77,Restaurante Español,Casa Pueblo,40.414613812304566,-3.6985981117031455,2.3597269572273
78,78,Restaurante Español,Astór Gastrobar,40.41273,-3.709617,3.1836537425398355
79,79,Restaurante Español,El Paraguas,40.42386542247894,-3.685813532393989,2.2419996302938965
80,80,Restaurante Español,Cannibal Raw Bar,40.42250153573088,-3.694248172533777,2.5521901004348604
81,81,Restaurante Español,Restaurante Viva Madrid,40.41516746717612,-3.699833628259341,2.480191282411063
82,82,Restaurante Español,Bodegas Rosell,40.40380252043165,-3.6906202941279647,1.5159862745948438
83,83,Restaurante Español,Mercado de Antón Martín,40.41152590000001,-3.6987288,2.256891222943079
84,84,Restaurante Español,Bar La Campana,40.414881954231625,-3.706774570000363,3.017410853097908
85,85,Restaurante Español,Pez Tortilla,40.4242382067626,-3.706568309829162,3.477145662298709
86,86,Restaurante Español,La Maruca,40.42747655521919,-3.6839650810190783,2.5393758371415776
87,87,Restaurante Español,La Manduca de Azagra,40.428413255,-3.69965323,3.3438401825581643
88,88,Restaurante Español,Membibre,40.434911771333695,-3.7131862406723166,4.663849839363318
89,89,Restaurante Español,Las Tortillas de Gabino,40.433971269705076,-3.693840964089531,3.5545526545360766
90,90,Restaurante Español,Museo del Jamón,40.41634303650022,-3.7056822482813363,2.9872384184811307
91,91,Restaurante Español,Venta El Buscón,40.41611688876583,-3.7017447829143073,2.6709340582041596
92,92,Restaurante Español,El Senador,40.4207696667416,-3.711458515195072,3.6357803852954884
93,93,Restaurante Español,La Tasquería,40.42238601054716,-3.673697687593717,1.7985510290855222
94,94,Restaurante Español,Muñagorri,40.43129825360115,-3.6773280703427838,2.812546096790553
95,95,Restaurante Español,Restaurante Lakasa,40.440735363841156,-3.7007667352654936,4.50048640346875
96,96,Restaurante Español,Cabreira,40.42735906133265,-3.7039847530463748,3.522194319904642
97,97,Restaurante Español,Cañadío,40.43317244542708,-3.6750356626014846,3.001929725441372
98,98,Restaurante Español,Castelados,40.42070698286369,-3.679090486759312,1.6913952357657258
99,99,Restaurante Español,Lamucca,40.42316034658215,-3.7040597217866034,3.234617880918001
100,100,Restaurante Español,El Pimiento Verde,40.428865543369945,-3.7154014044180084,4.384725616114227
101,101,Restaurante Español,Cuevas El Secreto,40.41571802886517,-3.7026156381668383,2.7207701904150303
102,102,Restaurante Español,El Gran Barril,40.42455179459415,-3.6731258506053215,2.038433215460525
103,103,Restaurante Español,Makkila Serrano,40.435157917226896,-3.686353353436428,3.4105361572203075
104,104,Restaurante Español,TreZe Restaurante & Bar,40.427188476455505,-3.678429449556118,2.376466873337838
105,105,Restaurante Español,la gaditana,40.42486448041017,-3.670859723201479,2.081077660950974
106,106,Restaurante Español,O Pazo de Lugo,40.407589,-3.696473,1.993294825806273
107,107,Restaurante Español,La Casa del Abuelo,40.4158078467863,-3.7015932511078464,2.645218569026475
108,108,Restaurante Español,La Antoñita,40.4130849147541,-3.7085505691060217,3.1052521704747726
109,109,Restaurante Español,Casa Benigna,40.44809073514549,-3.674226588620277,4.656977256052115
110,110,Restaurante Español,Mallorca,40.42120479582698,-3.688435136949225,2.117543433337188
111,111,Restaurante Español,ORIO Fuencarral,40.42374791814849,-3.70071716655042,3.050403297300916
112,112,Restaurante Español,Restaurante El Urogallo,40.418807569928816,-3.7347026548739986,5.408227378011892
113,113,Restaurante Español,Puerto Lagasca,40.431219885426884,-3.6851105188799234,2.962892507401264
114,114,Restaurante Español,Okafú,40.42373014673907,-3.6836658076540942,2.146236761295496
115,115,Restaurante Español,Lateral,40.41457050395633,-3.701133477680609,2.5565386599040525
116,116,Restaurante Español,En Busca del Tiempo,40.415625674100674,-3.7026008957413454,2.715650004127711
117,117,Restaurante Español,KultO,40.41838587249439,-3.678222894465272,1.4232216814684082
118,118,Restaurante Español,Casa Mingo,40.42482903955803,-3.725446671900649,4.898614772949551
119,119,Restaurante Español,Sagardi Castellana,40.427910078496474,-3.6899738493773575,2.807455309005658
120,120,Restaurante Español,La Tasquita de Enfrente,40.421278637837744,-3.703591776077448,3.084099712167389
121,121,Restaurante Español,InClan Brutal Bar,40.41502338061646,-3.701864366144517,2.632590163708517
122,122,Restaurante Español,La Máquina de Chamberí,40.44009910412479,-3.699192310387631,4.371226511666477
123,123,Restaurante Español,Mesón Txistu,40.46253358253272,-3.693554816416552,6.498964275751969
124,124,Restaurante Español,La Casita del Pradal,40.45850905045048,-3.655370363275413,6.002700718883634
125,125,Restaurante Español,Rosi La Loca,40.415821011717526,-3.702954604432628,2.75166188854255
126,126,Restaurante Español,De María,40.46340844911063,-3.6882601044052623,6.48890721976125
127,127,Restaurante Español,Casa de Valencia,40.429916808561934,-3.722415498649063,4.944031947343207
128,128,Restaurante Español,El Qüenco de Pepa,40.460250549345105,-3.684550516431476,6.086949393752637
129,129,Restaurante Español,Restaurante Rías Bajas,40.442597583525774,-3.6713163349261633,4.047518278968936
130,130,Restaurante Español,Viavélez,40.452314878141024,-3.698101601378815,5.54843949368445
131,131,Restaurante Español,La Ancha,40.449069485879505,-3.67765932432278,4.780946498739718
132,132,Restaurante Español,Ondiñas do Mendo,40.45688307624961,-3.7051649232278328,6.256816826404133
133,133,Restaurante Español,Paraíso del Jamon,40.417761417161714,-3.708355925075935,3.2568881786569253
134,134,Restaurante Español,Casa Juan,40.464015,-3.69317,6.649384340188914
135,135,Restaurante Español,El Hórreo Asturiano,40.46238984809028,-3.6876584378337895,6.3678350915626885
136,136,Restaurante Español,El Cacique,40.46258697891609,-3.685273363777068,6.353226647888259
137,137,Restaurante Español,Macarena Madrid,40.3906324,-3.6912615999999616,2.322844734278964
138,138,Restaurante Español,Casa Labra,40.41715,-3.7045143,2.931912087173393
139,139,Restaurante Español,El Escondite,40.42236354072943,-3.6859754610885855,2.104534702287442
140,140,Restaurante Español,La Raquetista,40.42046271831923,-3.6771653141330463,1.6225069841815647
141,141,Restaurante Español,Mercado de San Ildefonso,40.424230106070134,-3.700819251110139,3.091509489353477
142,142,Restaurante Español,Casa Lobo,40.45161998001641,-3.6497486811054713,5.418314396436477
143,143,Restaurante Español,Alimentación Quiroga,40.41375972219944,-3.699457458558817,2.3918153916943345
144,144,Restaurante Español,Carmen Bar,40.42798439468249,-3.6861649448167486,2.6643943519019126
145,145,Restaurante Español,Casa Dani,40.42709585947917,-3.6857193669863895,2.5588865380835535
146,146,Restaurante Español,Laredo,40.420312607236255,-3.675158669395069,1.5776499359455247
147,147,Restaurante Español,Loreto Coffee-Bar,40.421893687786024,-3.7044925983224224,3.185307096995493
148,148,Restaurante Español,Urrechu,40.419435256344926,-3.796979972262077,10.59889814636132
149,149,Restaurante Español,Juan Raro,40.407007881585116,-3.701080581925,2.3792242818253535
150,150,Restaurante Español,Vivares,40.42239625203632,-3.6994208517652583,2.8703264423306107
151,151,Restaurante Español,Platea Madrid,40.426083288965,-3.68866416486341,2.576223956753764
152,152,Restaurante Español,La Bobia,40.41138987927906,-3.7076682972878494,2.9910662193579984
153,153,Restaurante Español,La Tita Rivera,40.4223637850214,-3.700369187656969,2.9311133688987576
154,154,Restaurante Español,Sala de Despiece,40.43791464602439,-3.6994044892866333,4.173325333140829
155,155,Restaurante Español,O'Buraco,40.439775,-3.676111,3.7404329933478797
156,156,Restaurante Español,El Recuerdo,40.44722910729116,-3.6985534333258654,5.047000735691875
157,157,Restaurante Español,Matador,40.4146306440801,-3.7029469756383695,2.7024772882060697
158,158,Restaurante Español,Restaurante Ferreiro,40.42170061418621,-3.721648614221445,4.463922789719634
159,159,Restaurante Español,Jaizkibel,40.43888537380006,-3.6226297293835614,5.601236343475855
160,160,Restaurante Español,Trasgu,40.39744996061972,-3.620755577527213,4.53010900740401
161,161,Restaurante Español,Cervecería Jarritus,40.43027092237046,-3.6643420677700576,2.7729643655631864
162,162,Restaurante Español,Restaurante Triana,40.419663858612644,-3.676106334700902,1.517848330760797
163,163,Restaurante Español,Ten Con Ten,40.42788094496709,-3.6884764005263433,2.741884315970725
164,164,Restaurante Español,La Pequeña Graná,40.39957392916725,-3.698549973932148,2.2861978050452723
165,165,Restaurante Español,La Cumbre,40.437495375777424,-3.793065879931444,10.742293494901848
166,166,Restaurante Español,La Musa Latina,40.41283455101768,-3.7117671604527014,3.363709207092055
167,167,Restaurante Español,El Capataz,40.44922481855915,-3.694212215458132,5.10789631681881
168,168,Restaurante Español,La Tahona,40.45743209541343,-3.692775662039697,5.93542790929037
169,169,Restaurante Español,Alma Cheli,40.437099834696326,-3.6995737916596436,4.1049440353679145
170,170,Restaurante Español,José Luis,40.44066774463155,-3.7154765342808393,5.25363448837823
171,171,Restaurante Español,Jurucha,40.42775970528889,-3.685761676825428,2.627501349190662
172,172,Restaurante Español,Taberna Cazorla,40.431385118848354,-3.6780925380180283,2.8312524231490954
173,173,Restaurante Español,Lateral,40.423134880927655,-3.700817360501268,3.013937976069861
174,174,Restaurante Español,Restaurante Orgaz,40.454565853531776,-3.6223531108215696,6.875766323564412
175,175,Restaurante Italiano,Ôven Mozzarella Bar,40.41924524133954,-3.697850087792749,2.5542222263599355
176,176,Restaurante Italiano,Pizzaiolo,40.42379534723904,-3.698597330722857,2.9181326544433706
177,177,Restaurante Italiano,La Tavernetta,40.426076359147174,-3.6941559395385597,2.8430228532486477
178,178,Restaurante Italiano,Pizzeria Italiana Piccolo Diavolo,40.4115292313695,-3.6955958500470047,2.0021647670154517
179,179,Restaurante Italiano,Nina Pasta Bar,40.409508,-3.7088363,3.056186352789843
180,180,Restaurante Italiano,Trattoria Malatesta,40.416788,-3.707182,3.123491188917976
181,181,Restaurante Italiano,la saletta,40.41163590801957,-3.6986855712936575,2.2565905351265676
182,182,Restaurante Italiano,Fellina,40.43075200000001,-3.694272,3.2686376576053187
183,183,Restaurante Italiano,Numa,40.42332677352945,-3.6836398220709294,2.1046897474425026
184,184,Restaurante Italiano,Trattoria In Crescendo,40.39458232012004,-3.698388094216957,2.5092542352343945
185,185,Restaurante Italiano,Trattoria Arcangelo,40.41336961522739,-3.690264245401984,1.6639198879426844
186,186,Restaurante Italiano,Flavia Restaurante & Bar,40.422473564482544,-3.689587219885726,2.288763211811769
187,187,Restaurante Italiano,Trattoria Popolare,40.427536,-3.700076,3.297302133680528
188,188,Restaurante Italiano,La Mucca,40.427174,-3.701826,3.3740440569995376
189,189,Restaurante Italiano,Don Giovanni,40.407648,-3.680188,0.6289848922653777
190,190,Restaurante Italiano,Orsomatto,40.43401289997741,-3.7156319618225084,4.751359543987202
191,191,Restaurante Italiano,Grosso Napoletano,40.42602629298818,-3.677053507474485,2.22893758873481
192,192,Restaurante Italiano,La Tagliatella,40.419733347994544,-3.7067352654711048,3.227278964612385
193,193,Restaurante Italiano,Pizzería Vesuvio,40.4205749566079,-3.700829195519843,2.8458754983331924
194,194,Restaurante Italiano,Bosco de Lobos,40.424150785649374,-3.699013994079728,2.97079872592699
195,195,Restaurante Italiano,Matteo Cucina Italiana,40.427054401800795,-3.6857014357925983,2.554066082219674
196,196,Restaurante Italiano,Aió,40.42245957839195,-3.7038750154039377,3.177001945819692
197,197,Restaurante Italiano,Trattoria Manzoni,40.43970755160355,-3.6994823994839,4.346378105462665
198,198,Restaurante Italiano,Grosso Napoletano,40.433806482172656,-3.698192419929712,3.7359876991624423
199,199,Restaurante Italiano,Numa Pompilio,40.423323,-3.684077,2.120417727409372
200,200,Restaurante Italiano,Restaurante A vÁnvera,40.43981959802888,-3.692768587460466,4.093756838791868
201,201,Restaurante Italiano,Gioia Restaurante,40.422075,-3.69859,2.793176124961506
202,202,Restaurante Italiano,Anema e Core,40.41798081014006,-3.7083301999038505,3.264577736419049
203,203,Restaurante Italiano,Ôven Mozzarella Bar,40.40957081975896,-3.693256875486928,1.755141619051528
204,204,Restaurante Italiano,Reginella,40.4449790213537,-3.695759824340058,4.720814614889729
205,205,Restaurante Italiano,Mercato Ballaró,40.43101226275812,-3.696988579668016,3.42401348945655
206,206,Restaurante Italiano,Propaganda,40.420922,-3.69733,2.6297238768474225
207,207,Restaurante Italiano,Trattoria Pulcinella,40.42462332137474,-3.696495703869272,2.853818314861099
208,208,Restaurante Italiano,Accademia Del Gusto,40.44291207911045,-3.6962358102437545,4.529328877578092
209,209,Restaurante Italiano,Regno di Napoli Madrid,40.42787497934474,-3.7035077318229943,3.5310838161443625
210,210,Restaurante Italiano,La Mafia se sienta a la mesa,40.425704898432215,-3.688945279786655,2.552750290421129
211,211,Restaurante Italiano,Il Piccolino Della Farfalla,40.41404179984918,-3.700965423239417,2.522426070095705
212,212,Restaurante Italiano,La Pasa,40.42709975350565,-3.706565739454684,3.669498109749198
213,213,Restaurante Italiano,La gula,40.42561108082784,-3.702243619772064,3.2830589451759
214,214,Restaurante Italiano,Pizza Napoli,40.44868427705434,-3.674608511069212,4.723781235364404
215,215,Restaurante Italiano,Oliveto,40.40971280938963,-3.696233463330332,2.00513427945377
216,216,Restaurante Italiano,Casa Marco,40.43163197440936,-3.715734373598021,4.590452700381308
217,217,Restaurante Italiano,La Piperna,40.464159,-3.69312,6.663777926143026
218,218,Restaurante Italiano,La Pentola Magica,40.40502100000001,-3.682701,0.832154960439662
219,219,Restaurante Italiano,L'Isola Bella,40.42521495544206,-3.70322613250368,3.31802410620347
220,220,Restaurante Italiano,La Nonna,40.456044386794154,-3.688787925138324,5.699104166121329
221,221,Restaurante Italiano,Premiata Fornería Ballaro,40.437753127606506,-3.699957238301775,4.183509165738198
222,222,Restaurante Italiano,Ti amo,40.47614256104356,-3.7069891339355134,8.290059249690156
223,223,Restaurante Italiano,otto e undici,40.44184462582591,-3.698344121198792,4.50492152300406
224,224,Restaurante Italiano,Trattoria La Famiglia,40.400662132957294,-3.7516301931197833,6.6866309005350475
225,225,Restaurante Italiano,Passaparola,40.38803168437286,-3.765899738174933,8.122827992155955
226,226,Restaurante Italiano,Novecento,40.39203801252386,-3.755396432561904,7.153350543649387
227,227,Restaurante Italiano,Grazie Mille Kitchen Bar,40.41619934033112,-3.7075299017429737,3.1269912994267015
228,228,Restaurante Italiano,Pappone Trattoria,40.44403,-3.6543283,4.491553490094925
229,229,Restaurante Italiano,La Temeraria,40.41173973875753,-3.7002843618392944,2.390257740943838
230,230,Restaurante Italiano,Maruzzella,40.44651099762922,-3.699573902625645,5.0131369543521895
231,231,Restaurante Italiano,A'Fenestella,40.46818813882213,-3.638646887029549,7.478811534804679
232,232,Restaurante Italiano,trattoria La Forchetta,40.46542388075185,-3.6921876626996966,6.780517742884529
233,233,Restaurante Italiano,La Tagliatella,40.456382912657716,-3.6191111181555686,7.205325701164658
234,234,Restaurante Italiano,La Tagliatella,40.439228,-3.673308,3.670419810799361
235,235,Restaurante Italiano,Il Pastaio,40.441853234604956,-3.696923687996117,4.449769798327887
236,236,Restaurante Italiano,El Kiosco de la Pizza,40.396978364554265,-3.765598730114114,7.908062542636966
237,237,Restaurante Italiano,La Tagliatella,40.440464936430814,-3.6285495536538015,5.353315001264298
238,238,Restaurante Italiano,La Tagliatella,40.448199196606566,-3.6953703568329312,5.037320766081711
239,239,Restaurante Italiano,La Tagliatella,40.390959,-3.701159,2.9267112401990287
240,240,Restaurante Italiano,Ginos Dr Esquerdo 66,40.41376561895185,-3.6699056625366215,0.8789871160055267
241,241,Restaurante Italiano,La Tagliatella,40.363285780515625,-3.739275476043527,7.369016362529204
242,242,Restaurante Italiano,La Mafia se sienta a la Mesa,40.47486409586766,-3.6876446960703855,7.732848555755366
243,243,Restaurante Italiano,Finocchio Ristorante,40.40735996003684,-3.7041464066694783,2.6402348718094957
244,244,Restaurante Italiano,La Tagliatella,40.44401170932558,-3.655901254647969,4.444524940816679
245,245,Restaurante Italiano,Il Pezzo Di Giuseppe,40.414872036622405,-3.7003879489003713,2.5104853114862014
246,246,Restaurante Italiano,Giulietta,40.46021896025268,-3.6323826762236417,6.918898879905704
247,247,Restaurante Italiano,La Cocina De Payuri,40.40194839489197,-3.690625288617982,1.5661690225019655
248,248,Restaurante Italiano,L'Officina,40.39733109159207,-3.6832414038732795,1.3149133844759382
249,249,Restaurante Italiano,Il Profumo,40.45651546085862,-3.6453540212010815,6.062395017544354
250,250,Restaurante Italiano,L'Altro Mondo,40.43973027511157,-3.789925400759107,10.575938863323135
251,251,Restaurante Italiano,Bresca,40.410817,-3.699323,2.286598442326789
252,252,Restaurante Italiano,Toto e Peppino,40.42436242923625,-3.6952127178163776,2.7579142343904604
253,253,Restaurante Italiano,Il Bambino,40.39241845585657,-3.666019630855376,1.6445640274945739
254,254,Restaurante Italiano,Ginos Ribera de Curtidores,40.40459928962177,-3.7067639286717298,2.8645509951534835
255,255,Restaurante Italiano,La Tagliatella,40.504101,-3.706669,11.250521127129913
256,256,Restaurante Italiano,Piccola Roma,40.440242408630255,-3.7897475495793977,10.582039984689827
257,257,Restaurante Italiano,La Nicoletta Ristorante-Pizza,40.42689135073129,-3.6898735829056326,2.7062765671673494
258,258,Restaurante Italiano,Restaurante Lapizza+sana,40.45743757388201,-3.6246136990835343,7.014754901840201
259,259,Restaurante Italiano,Porca Miseria,40.402476,-3.71352,3.456149552984452
260,260,Restaurante Italiano,La Trattoria di Aluche,40.39024159467983,-3.753060837090632,7.008617644144741
261,261,Restaurante Italiano,Pummarola,40.440845245855925,-3.7884298583827007,10.502292690516558
262,262,Restaurante Italiano,Gaeta Caffè Pizzería,40.500544102,-3.671527462,10.48911611147251
263,263,Restaurante Italiano,Lamucca,40.42316034658215,-3.7040597217866034,3.234617880918001
264,264,Restaurante Italiano,Ginos Méndez Álvaro,40.3927510444405,-3.6782559441417138,1.5624148794547743
265,265,Restaurante Italiano,La Bella Anna,40.5035898,-3.7052565,11.165730664381595
266,266,Restaurante Italiano,L'Angelina,40.456761704410994,-3.7845003922030847,10.9839876194874
267,267,Restaurante Italiano,O Mamma Mia,40.39480732772427,-3.676478806234899,1.3027749430026694
268,268,Restaurante Italiano,Rock & Ribs,40.436830510346354,-3.6380368480176046,4.510577480938086
269,269,Restaurante Italiano,Mia Rafaella Ristorante,40.462595917065784,-3.6374006859707366,6.955212420684082
270,270,Restaurante Italiano,Piccolina,40.48375216597177,-3.70044225472674,8.928482288346553
271,271,Restaurante Italiano,Restaurante OVO Ristorante,40.46479081553365,-3.7855363837110807,11.538283885613707
272,272,Restaurante Italiano,Restaurante Fratelli,40.389381,-3.760396,7.634060495958782
273,273,Restaurante Italiano,La Pizza Italia,40.40829580884911,-3.627882967816343,3.8270343981697934
274,274,Restaurante Italiano,Trattoria Di Aluche,40.388884053483906,-3.7660243209577686,8.109948543944077
275,275,Palacio,Palacio Real de Madrid,40.417939720108535,-3.7142586708068848,3.7282992158260684
276,276,Palacio,Plaza de las Cortes,40.41577337519694,-3.696093259487371,2.2251451361779297
277,277,Palacio,Jardines de Sabatini,40.4199537391734,-3.7131262383435018,3.7246593718458114
278,278,Palacio,Palacio de Santoña,40.41397499632844,-3.700379606148041,2.47332918118145
279,279,Palacio,Hotel Único Madrid,40.42856013113933,-3.6864940765405785,2.734197120212009
280,280,Palacio,Hotel Orfila,40.427027125141336,-3.6932027037384416,2.87718609404849
281,281,Palacio,Museo Nacional Centro de Arte Reina Sofía (MNCARS),40.40873653580899,-3.6938217695074558,1.7850466816069679
282,282,Palacio,Hotel Emperador Madrid,40.42142729711572,-3.707880298423348,3.4029114599009125
283,283,Palacio,CaixaForum Madrid,40.41101269430034,-3.6931765079498287,1.789509773054816
284,284,Palacio,Hostal Luz,40.417397071266855,-3.7085456088998354,3.2559832791324963
285,285,Palacio,Republican Lamp Post,40.419664,-3.713867,3.769060971328888
286,286,Palacio,Paseo de las Estatuas,40.41666546228339,-3.687458038330078,1.6874353617277664
287,287,Metro Station,Andén Cero,40.43233402736354,-3.6976789573074513,3.5772227667146947
288,288,Metro Station,Metro Sol,40.416881555677016,-3.7030384601878983,2.8059409463199696
289,289,Metro Station,Metro Sevilla,40.41789417619993,-3.6994047652313466,2.585095193470949
290,290,Metro Station,Metro Embajadores,40.40475523832721,-3.702468924144448,2.5005149796723187
291,291,Metro Station,Metro Tirso de Molina,40.41238561913413,-3.7049683207761896,2.792159138835062
292,292,Metro Station,Metro Madrid Línea 3,40.40992829279583,-3.702403395324045,2.523477724944844
293,293,Metro Station,Metro Gran Vía,40.420020065824396,-3.7017938283759775,2.8805196126164487
294,294,Metro Station,Metro Antón Martín,40.411927625373714,-3.6980581283569336,2.21451137143901
295,295,Metro Station,Metro Lavapiés,40.408399706379655,-3.70074232198958,2.361416998084009
296,296,Metro Station,Metro Banco de España,40.41906508541828,-3.694330973950071,2.3025065493188377
297,297,Metro Station,Metro Callao,40.42016543090694,-3.7057899845796194,3.1798156602799468
298,298,Metro Station,Metro La Latina,40.41126847727361,-3.708396444709636,3.0490792701919087
299,299,Metro Station,Metro Ópera,40.41812353769271,-3.7094376293552016,3.356919186929911
300,300,Metro Station,Metro Estación del Arte,40.409006950130696,-3.692424891585775,1.6736411018617527
301,301,Metro Station,Metro Chueca,40.422663535981506,-3.6976138174242887,2.772283869838042
302,302,Metro Station,Metro Santo Domingo,40.42084177364492,-3.708150421015637,3.3910944983924485
303,303,Metro Station,Metro Puerta de Toledo,40.406850900175975,-3.7108560148593313,3.206077711060392
304,304,Metro Station,Metro Atocha Renfe,40.40695083625721,-3.689387467787149,1.3899214952503665
305,305,Metro Station,Metro Noviciado,40.42477740373028,-3.7073322247181424,3.564560115792081
306,306,Metro Station,Metro Estación de Chamberí,40.43229458790591,-3.697637233775066,3.571600450934732
307,307,Metro Station,El Abismo De Helm,40.42621538053006,-3.700917679784761,3.2449180501332644
308,308,Metro Station,Metro Tribunal,40.426204653944936,-3.7011261968260496,3.256984410068485
309,309,Metro Station,Metro Acacias,40.40378672197676,-3.706528777705744,2.851846921296897
310,310,Metro Station,Metro Palos de la Frontera,40.40304742224402,-3.6941193644894432,1.8227147134614166
311,311,Metro Station,Metro Plaza de España,40.42348084124289,-3.7121368158177663,3.82910734850531
312,312,Metro Station,Metro Retiro,40.4207597465696,-3.6858312785625458,1.9478140082232502
313,313,Metro Station,Metro Colón,40.425543923665536,-3.6911809444427486,2.6431261011874985
314,314,Metro Station,Metro Alonso Martínez,40.42757624091389,-3.69576088323938,3.0581294068131677
315,315,Metro Station,Metro Madrid Línea 4,40.42705732176504,-3.6933539376326254,2.8875086606110143
316,316,Metro Station,Metro Madrid Línea 1,40.41155584753445,-3.697353191046533,2.1456052523059994
317,317,Metro Station,Metro Bilbao,40.42902129632324,-3.701867035011236,3.5214165391000876
318,318,Metro Station,Metro Serrano,40.42539249973215,-3.687638149055557,2.465908276308313
319,319,Metro Station,Metro Príncipe Pío,40.42127330979785,-3.719025624452134,4.240925864936376
320,320,Metro Station,Metro San Bernardo,40.42981234805346,-3.7058381237053455,3.822327662962743
321,321,Metro Station,Metro Ventura Rodríguez,40.427017066554214,-3.7136279028135775,4.144625057793118
322,322,Metro Station,Metro Pirámides,40.401517748050296,-3.712786580358408,3.4092407043329316
323,323,Metro Station,Metro Delicias,40.39917382738943,-3.6941125788631264,1.9518811001107241
324,324,Metro Station,Metro Velázquez,40.42512215114281,-3.683477253779136,2.2813247430037085
325,325,Metro Station,Metro Ibiza,40.418376133313686,-3.6780330527280696,1.4172773483002912
326,326,Metro Station,Metro Príncipe de Vergara,40.42298913134247,-3.679768489081433,1.95070760443641
327,327,Metro Station,Estación de Madrid-Puerta de Atocha,40.40646695335092,-3.6898029407203765,1.4229923768234987
328,328,Metro Station,Metro Menéndez Pelayo,40.40446250842396,-3.6808060238632576,0.6892415570161573
329,329,Metro Station,Metro Quevedo,40.43334740821936,-3.704498582773271,4.026048664566014
330,330,Metro Station,Metro Argüelles,40.43042371959808,-3.7159350514411926,4.522662669606369
331,331,Metro Station,Metro Goya,40.42488050555113,-3.6775498879615336,2.1104068985068136
332,332,Metro Station,Metro Iglesia,40.43490906989403,-3.698559992164844,3.8546605991018543
333,333,Metro Station,Metro Rubén Darío,40.433175186879005,-3.6892629725673967,3.2983495409031063
334,334,Metro Station,Metro Nuevos Ministerios,40.44619324375705,-3.6923790149464097,4.737856670400178
335,335,Metro Station,Metro Puerta del Ángel,40.413950937918905,-3.727178769829514,4.666988237485669
336,336,Metro Station,Metro Marqués de Vadillo,40.397324830258654,-3.7154725209025163,3.72998172285824
337,337,Metro Station,Metro Madrid Línea 6 Circular,40.429721119378,-3.6772712215486254,2.6381065302621898
338,338,Metro Station,Metro Arganzuela-Planetario,40.393138028533095,-3.688866415914649,1.9801950119182115
339,339,Metro Station,Metro Sáinz de Baranda,40.41511923434869,-3.6696249326159633,1.0299835735183405
340,340,Metro Station,Metro Legazpi,40.3915305822024,-3.6947881264027895,2.464166796117169
341,341,Metro Station,Metro Pacífico,40.40154621177326,-3.6746834263032855,0.5388960831111452
342,342,Metro Station,Metro Alonso Cano,40.43843711893367,-3.698646358757432,4.188878684023757
343,343,Metro Station,Metro Canal,40.43834580929537,-3.7043030717675935,4.447754403203183
344,344,Metro Station,Metro Lista,40.42922133754159,-3.675437660394494,2.5659474398917497
345,345,Metro Station,Metro Núñez de Balboa,40.43264732925246,-3.679497241973877,2.989620498586491
346,346,Metro Station,Metro Conde de Casal,40.406949787789664,-3.670239838895808,0.24739336345225735
347,347,Metro Station,Madrid España,40.402805,-3.6725018,0.3820671506403586
348,348,Metro Station,Metro Madrid Línea 10,40.4380520907568,-3.691507098209752,3.870784209928976
349,349,Metro Station,Metro de Madrid S.A.,40.40570007,-3.670633,0.20859019493396697
350,350,Metro Station,Metro Gregorio Marañón,40.438050651972304,-3.691388007405888,3.8665685085303805
351,351,Metro Station,Metro Moncloa,40.43456901463173,-3.719026763417272,5.011808819273793
352,352,Metro Station,Metro O'Donnell,40.422183797241395,-3.6689631430787526,1.8076971250512732
353,353,Metro Station,Metro Méndez Álvaro,40.3952962918784,-3.6784251985800007,1.2986341897786042
354,354,Metro Station,Metro Manuel Becerra,40.42662941600543,-3.670250478795358,2.281332843567479
355,355,Metro Station,Metro Islas Filipinas,40.43914725897487,-3.713062405586242,4.990639756668219
356,356,Metro Station,Metro Lago,40.41641583469974,-3.7355986255348337,5.41982092158719
357,357,Metro Station,Metro Diego de León,40.43242673606803,-3.6739560112788663,2.915183738663681
358,358,Metro Station,Metro Ríos Rosas,40.442050083638776,-3.701167897167056,4.643120191134042
359,359,Metro Station,Metro Urgel,40.393273240357814,-3.723728452998159,4.530479669862606
360,360,Metro Station,Metro Usera,40.38702531406906,-3.7065448128770853,3.553169431789552
361,361,Metro Station,Metro Avenida de América,40.43797111884382,-3.678147845470835,3.557359960130669
362,362,Metro Station,Metro Alto de Extremadura,40.409811002137005,-3.738983803206877,5.601049047476793
363,363,Metro Station,Metro Puente de Vallecas,40.3952555284871,-3.66953084689336,1.2540866925148815
364,364,Metro Station,Metro Almendrales,40.384111889901305,-3.697924917912722,3.2401667096929043
365,365,Metro Station,Metro Estrella,40.411176,-3.659498691558838,1.2690339457793793
366,366,Metro Station,Metro Madrid Línea 8 (Nuevos Ministerios - Aeropuerto),40.44547775237738,-3.6917669292191775,4.6453306049211935
367,367,Metro Station,Metro Madrid Línea 4,40.44386583879446,-3.717378699162302,5.624464581721851
368,368,Metro Station,Metro Cuatro Caminos,40.44654494597261,-3.70363712310791,5.179860320447174
369,369,Metro Station,Metro República Argentina,40.44484484004028,-3.6847700667057968,4.408936219037953
370,370,Metro Station,Metro Ventas,40.43108665887628,-3.663422508660525,2.88147247665646
371,371,Metro Station,Metro Madrid Línea 5,40.431113309128754,-3.663383674096726,2.8852420693708294
372,372,Metro Station,Metro Cartagena,40.439459432452786,-3.672210881847372,3.6966649446444584
373,373,Metro Station,Metro Guzmán el Bueno,40.44597860615664,-3.7133380337054716,5.586011087310146
374,374,Metro Station,Metro Opañel,40.38586411039761,-3.7212014780049127,4.667471487901855
375,375,Metro Station,Metro Plaza Elíptica,40.38584590342171,-3.7212296875969,4.6705430035439095
376,376,Metro Station,Metro Nueva Numancia,40.39623899750952,-3.6636434102419217,1.3636248650295137
377,377,Metro Station,Metro Vicente Aleixandre,40.44637777947443,-3.7187417720793614,5.910219157832119
378,378,Metro Station,Metro Oporto,40.38857314059954,-3.731085446385753,5.2957764470086
379,379,Metro Station,Metro Ciudad Universitaria,40.44352553580991,-3.7269016254036655,6.166475003592877
380,380,Metro Station,Metro Prosperidad,40.444189369088384,-3.674881160259247,4.225008813149196
381,381,Metro Station,Metro Lucero,40.404656847637106,-3.745028972625733,6.101347334588422
382,382,Metro Station,Metro Alvarado,40.45019628479489,-3.7034573794032055,5.527911846987639
383,383,Metro Station,Metro Cruz del Rayo,40.446165585983714,-3.678088412859828,4.46258696519295
384,384,Metro Station,Metro Vinateros,40.41034920832193,-3.652503490447998,1.795128920457394
385,385,Metro Station,Metro Laguna,40.399304,-3.744713,6.120860610746812
386,386,Metro Station,Metro Cuzco,40.45836775543061,-3.6902664649086487,5.979897969335129
